Country Name,GDP (current US$),"Inflation, consumer prices (annual %)","Inflation, GDP deflator (annual %)","Unemployment, total (% of total labor force) (national estimate)",Real interest rate (%),Exports of goods and services (% of GDP),Imports of goods and services (% of GDP),"Official exchange rate (LCU per US$, period average)","Foreign direct investment, net inflows (% of GDP)",GDP growth (annual %),GDP per capita (current US$),,Consumer price index (2010 = 100)
Afghanistan,..,..,..,..,..,..,..,..,..,..,..,,
Albania,18916378861,6.725202715,9.866013431,..,-3.057676036,37.39542221,47.75425831,113.0416667,7.619755885,4.856401652,6810.114041,,
Algeria,1.95E+11,9.265515516,21.51758493,..,-11.12397431,35.3352258,23.70705845,141.994975,0.038790102,3.200001647,4342.637968,,
American Samoa,871000000,..,14.15276486,..,..,46.95752009,77.72675086,..,..,1.735015773,19673.3901,,
Andorra,3352031094,..,4.213076377,..,..,..,..,0.950915534,..,8.809579348,41992.77278,,
Angola,1.07E+11,..,16.30538324,..,3.27743053,43.42292566,24.7471748,460.5675116,-6.179510616,3.04540301,3000.444231,,
Antigua and Barbuda,1867733333,7.531078346,6.498856196,..,0.766250065,54.68958214,62.94042293,2.7,16.1547093,9.516395644,19919.72669,,
Argentina,6.31E+11,..,69.47123955,6.805,-10.07372869,16.29956168,15.3509523,130.61655,2.441377239,4.95636996,13650.60463,,
Armenia,19513474648,8.64091109,7.98570197,..,3.457598477,50.0136477,50.99284468,435.6661797,5.114698655,12.6,7018.051504,,
Aruba,3544707788,..,3.412842252,..,2.598475865,83.12460512,77.33465145,1.79,7.000585026,10.45831735,33300.83882,,
Australia,1.69E+12,6.594096713,7.123075723,3.701,..,25.42712413,19.70962031,1.441664459,4.139795105,4.268946393,65099.84591,,
Austria,4.71E+11,8.546869932,5.297283734,4.992,..,62.08317498,61.60226372,..,2.147698685,4.806430202,52084.6812,,
Azerbaijan,78721058824,13.85225901,37.24885911,5.65,-16.50947539,60.05269537,27.02505795,1.7,-5.683969534,4.616522963,7762.073829,,
"Bahamas, The",12897400000,5.605406336,-2.173177483,..,6.565865391,37.52926947,42.66751438,1,4.116441689,14.36820985,31458.30081,,
Bahrain,44383297872,3.625741043,7.730538661,..,..,..,..,0.376,4.396540773,4.860858272,30146.92503,,
Bangladesh,4.60E+11,7.696954372,5.049021879,5.247,1.972480573,12.88222643,20.89774084,91.74545444,0.355255005,7.099828776,2688.305501,,
Barbados,5699950000,..,3.993355285,..,3.900869151,35.12837832,43.21967737,2,3.508802709,11.33373987,20238.78424,,
Belarus,72793457588,15.20967527,13.52777795,3.574,-0.71519467,63.70823623,57.87463292,2.6261,2.215893841,-4.697449707,7888.263711,,
Belgium,5.83E+11,9.597511729,5.891717521,5.558,..,95.73149656,97.36066232,..,2.139910366,3.009902559,49926.82543,,
Belize,2830507576,6.276893194,7.36483426,..,1.079177613,52.37495587,55.57572846,2,4.978187263,8.734311438,6984.21696,,
Benin,17396792700,1.350778636,4.13878,..,..,21.65320955,29.28031052,623.9373119,1.532484718,6.253244914,1302.851036,,
Bermuda,7546000000,..,2.865102629,..,..,52.34958919,25.98330241,1,-0.435904231,2.927112949,118774.7907,,
Bhutan,..,5.639166714,..,5.947,7.75570753,..,..,78.60449058,..,..,..,,
Bolivia,44008282878,1.746328729,5.124464466,3.552,2.511807569,32.61155486,35.14434393,6.91,0.006475711,3.605680383,3600.121635,,
Bosnia and Herzegovina,24473906674,..,11.77041888,12.657,-7.523996422,48.24535763,62.03755849,1.859325877,3.259729865,4.10622694,7568.79848,,
Botswana,20355541963,11.66556748,14.56414084,23.615,-7.359930234,43.47004223,41.9970194,12.36880833,1.063392424,5.787917203,7738.878804,,
Brazil,1.92E+12,9.28010609,8.283206025,9.231,28.7364912,20.04553686,19.29445451,5.163970291,3.885554181,2.900530615,8917.674911,,
British Virgin Islands,..,..,..,..,..,..,..,..,..,..,..,,
Brunei Darussalam,16681536467,3.682250306,24.23672684,5.191,-15.08147173,86.3893568,60.58460914,1.378956397,-1.752933706,-1.628331545,37152.47697,,
Bulgaria,90346169915,15.32525893,16.18195589,4.268,-10.70389758,69.19400366,68.98882572,1.860141667,3.560339086,3.926432221,13974.44925,,
Burkina Faso,18820064798,14.29023543,5.888259542,..,..,31.74607067,33.09930169,623.7597009,0.644500968,1.780492183,830.0371503,,
Burundi,3338722828,18.80087867,18.33172231,..,-5.543080237,4.971098508,23.34422185,2034.306634,0.385886718,1.84899944,259.0250314,,
Cabo Verde,2226862134,7.930929254,7.742425984,..,0.082877583,40.95566838,56.71015619,105.5307827,5.471537091,17.11679066,3754.304794,,
Cambodia,29504829319,5.343702649,4.070391065,..,..,68.3352523,54.85188012,4102.037865,12.12964582,5.239810289,1759.608023,,
Cameroon,43644068311,6.247677133,5.336612005,..,..,19.29163469,21.99529662,623.7597009,2.120979057,3.582796319,1563.48894,,
Canada,2.16E+12,6.802801153,7.653819927,5.28,..,33.84504756,33.71384881,1.301554775,2.312516526,3.819866339,55522.44569,,
Cayman Islands,6844827379,..,9.519215594,..,..,..,..,..,359.2496711,3.674517403,99624.88544,,
Central African Republic,2382618615,5.583167352,5.967924453,..,..,12.3005,32.93307,623.7597009,1.009298007,0.50211,427.0580962,,
Chad,12704149840,5.788026878,18.65580231,..,..,51.18867502,39.57415454,623.7597009,4.833212094,2.235979675,716.8043811,,
Channel Islands,..,..,..,..,..,..,..,..,..,..,..,,
Chile,3.01E+11,11.64386671,6.642306167,8.299,..,35.67072536,39.34762899,873.3141895,6.931292094,2.4404034,15355.47974,,
China,1.80E+13,1.973575557,2.248974454,..,2.054813319,20.67700175,17.46681629,6.737158112,1.002979243,2.989084086,12720.21632,,
Colombia,3.44E+11,10.17723135,14.33756945,10.547,1.285613664,20.58372796,27.78244179,4256.194167,5.000411971,7.256562874,6624.165393,,
Comoros,1242519407,..,5.162636894,..,2.73016462,12.71607965,35.06564695,467.1842612,0.308973855,2.387678485,1484.892465,,
"Congo, Dem. Rep.",64718641221,..,8.445461981,..,..,46.19479848,48.9694208,..,2.851996386,8.924447626,653.6562231,,
"Congo, Rep.",15816996655,3.043443347,18.26070343,..,..,63.81224189,34.34926879,623.7597009,3.365090495,1.475356946,2649.225022,,
Costa Rica,69243626029,8.274774902,6.280385137,11.325,1.016618065,40.56655498,39.09264036,647.1358176,5.305043279,4.55149178,13365.3564,,
Cote d'Ivoire,70018715017,5.276167243,2.749999998,..,..,24.8438275,27.49184412,623.7597009,2.283840468,6.741330002,2486.412194,,
Croatia,71600049650,10.78058068,9.463284953,6.96,..,59.16616772,65.35149943,7.1597415,5.012888611,6.347114542,18570.404,,
Cuba,..,..,14.15540196,..,..,40.01390498,48.78913202,..,..,1.774853995,..,,
Curacao,3075180835,..,4.040684992,..,..,..,..,1.79,5.334819559,7.89,20501.75228,,
Cyprus,29250524418,8.39548298,6.065631484,6.807,..,95.03771106,94.71974655,..,1.641662561,5.058130191,32048.24023,,
Czechia,2.91E+11,15.10016515,8.547350789,2.224,-3.981987197,76.45232425,75.47073397,23.357,3.623873195,2.35100354,27226.61564,,
Denmark,4.00E+11,7.696566999,8.066962466,4.434,..,70.01238944,58.91727459,7.076151863,8.549611138,2.731174454,67790.05399,,
Djibouti,3515108860,5.17980848,0.67350642,..,..,169.0004565,171.1935582,177.721,5.320542125,3.123833114,3136.112768,,
Dominica,607440740.7,..,3.547519206,..,2.887053758,..,..,2.7,2.906254351,5.648324756,8351.193213,,
Dominican Republic,1.14E+11,8.811092093,10.71415565,5.504,1.025970295,22.06273154,32.16879402,55.14099167,3.489247693,4.858324036,10111.24571,,
Ecuador,1.15E+11,3.466169722,5.264812773,3.761,..,29.17187993,28.51838369,1,0.734512518,2.947668633,6391.282484,,
"Egypt, Arab Rep.",4.77E+11,13.89566098,10.42578924,..,0.142669652,15.08702582,21.89607906,19.16043974,2.39118081,6.587845609,4295.407496,,
El Salvador,32488720000,7.198616156,7.518481672,2.999,..,31.17792883,55.62065849,1,-0.001196436,2.599653378,5127.321668,,
Equatorial Guinea,12029633747,4.786717047,7.71239947,..,..,51.79558629,35.7242488,623.7597009,3.811503431,3.78004646,7182.265382,,
Eritrea,..,..,..,..,..,..,..,15.075,..,..,..,,
Estonia,38100812959,19.39826341,16.56357881,5.571,..,85.50182238,86.06565848,..,4.322554718,-1.287411341,28247.09599,,
Eswatini,4790922066,..,8.794316769,..,-0.270525867,43.83116256,47.59182106,16.36228306,0.27865718,0.476444949,3986.886637,,
Ethiopia,1.27E+11,33.88987971,34.68400997,..,..,8.245048589,18.32178705,51.75621503,2.894692254,5.31709603,1027.585911,,
Faroe Islands,3555929833,..,3.889042127,..,..,62.39811146,62.51455551,..,..,5.398480389,66979.27732,,
Fiji,4979979546,4.520192664,2.472562879,..,2.887920559,48.07277523,69.18659497,2.201406987,2.079960181,20.01646368,5356.164396,,
Finland,2.83E+11,7.123507733,5.358117179,6.719,..,45.33867837,47.73202291,..,4.727991562,1.634310103,50871.93045,,
France,2.78E+12,5.222367484,2.947216929,7.308,..,34.68639972,38.56345288,..,3.793503383,2.454758177,40886.25327,,
French Polynesia,5814661209,..,1.793611049,..,..,21.09682259,46.13414366,113.4743672,-0.163041358,4.46607459,18984.8511,,
Gabon,21071739225,4.231247983,13.92151396,..,..,61.38385113,16.6046561,623.7597009,5.242054428,2.908043413,8820.347337,,
"Gambia, The",2187194563,11.51311984,10.41910335,..,..,4.56965741,30.76805601,54.92346736,10.58378637,4.33173288,808.2782815,,
Georgia,24780791064,11.89816542,9.097221056,..,4.17802021,52.91042459,62.72817891,2.9162,8.601175737,10.39349316,6674.95696,,
Germany,4.08E+12,6.872574386,5.268325424,3.135,..,50.92392973,48.95641004,..,1.160447552,1.806208967,48717.99114,,
Ghana,73766052452,31.2558951,28.22364244,..,..,34.89773954,35.69041647,8.2724,2.048194268,3.077730556,2203.558935,,
Gibraltar,..,..,..,..,..,..,..,0.811301716,..,..,..,,
Greece,2.18E+11,9.645259813,7.846844744,12.426,..,49.13682964,58.85997439,..,3.652881984,5.55728708,20867.26909,,
Greenland,..,..,..,..,..,..,..,..,..,..,..,,
Grenada,1215379156,2.559789119,1.771484756,..,4.585661941,..,..,2.7,12.85479995,6.361209964,9689.0827,,
Guam,..,..,..,..,..,..,..,..,..,..,..,,
Guatemala,95003330316,6.885128233,6.224303487,3.051,5.365090342,19.01553956,35.65441758,7.74824375,1.459651631,4.118004169,5473.208564,,
Guinea,20999229260,10.493041,10.992149,..,..,43.67019256,63.80746759,..,3.134876961,4.7,1515.167948,,
Guinea-Bissau,1633559092,9.393838775,8.351497183,..,..,..,..,623.7597009,1.343133836,3.500049592,775.8289657,,
Guyana,14718388489,6.115055501,12.0372611,..,-3.231598484,..,..,208.5,2.990204848,63.36843896,18199.47484,,
Haiti,20253551885,33.98393195,30.20129187,..,..,7.238760114,29.29079017,115.6307155,0.194598953,-1.681983975,1748.257132,,
Honduras,31717699764,9.089639115,9.145801515,7.037,5.003613416,41.91669813,69.15638428,24.48587373,2.392984369,3.997949815,3040.173046,,
"Hong Kong SAR, China",3.60E+11,1.881367072,1.810447792,4.318,3.235148205,193.8611009,189.9297953,7.831416667,34.01745081,-3.476329865,48983.62172,,
Hungary,1.77E+11,14.60814395,14.48927895,3.609,-3.348651972,91.20825684,95.51565724,372.5958333,-5.771591916,4.554556642,18390.185,,
Iceland,28064529851,8.308755116,8.919407963,3.789,-1.213839878,46.58414981,46.98581604,135.279902,4.350204108,7.23808934,73466.77867,,
India,3.42E+12,6.699034141,8.225869499,4.822,0.315334365,22.78688201,26.4428201,78.60449058,1.461675015,7.239693281,2410.888021,,
Indonesia,1.32E+12,4.209463834,9.567844361,3.462,-0.956342956,24.49244937,20.90085603,14849.85394,1.872642376,5.308595005,4787.999308,,
"Iran, Islamic Rep.",4.13E+11,43.48846417,50.58524806,9.085,..,26.81588655,24.78162026,..,0.362762912,3.776631402,4669.57138,,
Iraq,2.64E+11,4.994765964,18.86809624,..,..,..,..,1450,-0.790439404,7.008745223,5937.195466,,
Ireland,5.33E+11,7.80737541,6.582264283,4.479,..,137.0877814,97.17957143,..,-0.356166967,9.43302211,103983.2913,,
Isle of Man,..,..,..,..,..,..,..,0.811301716,..,..,..,,
Israel,5.25E+11,4.393596659,4.623307217,3.695,-1.591548583,31.72837991,28.77597565,3.359614402,4.386874786,6.832886636,54930.93881,,
Italy,2.05E+12,8.201289912,2.976400562,8.069,-0.69136769,36.63029313,38.14658477,..,3.060310722,3.724549463,34776.42323,,
Jamaica,17097760724,10.34956884,12.79780039,..,-1.234776194,..,..,153.4268165,1.864197336,5.221519847,6047.216457,,
Japan,4.26E+12,2.497702782,0.333979877,2.6,..,21.54172312,25.30200902,131.4981404,1.157755629,0.954736938,34017.27181,,
Jordan,48653381781,4.229155689,2.600533705,..,4.646954023,..,..,0.71,2.337026147,2.428073345,4311.000046,,
Kazakhstan,2.25E+11,..,19.76900648,4.86,..,41.78127711,26.33234901,460.165,2.184781864,3.2,11492.03194,,
Kenya,1.13E+11,7.656874561,6.008764133,..,5.968446875,12.21524288,21.51430769,117.8659892,0.34701381,4.846634856,2099.301938,,
Kiribati,223353014.3,..,4.635694339,..,..,9.627329193,96.27329193,1.441664459,1.295766768,1.5625,1701.970665,,
"Korea, Dem. People's Rep.",..,..,..,..,..,..,..,..,..,..,..,,
"Korea, Rep.",1.67E+12,5.087887608,1.275522574,2.857,2.978979865,48.27176422,48.26464507,1291.446667,1.075083514,2.612672192,32422.57449,,
Kosovo,9409473518,11.58051045,6.724004603,12.093,..,38.45081627,71.06324103,0.950915534,8.121201573,5.218604213,5340.268798,,
Kuwait,1.75E+11,3.98064962,19.04554135,..,-12.71174559,..,..,0.306250154,0.428969719,8.860759494,41079.5227,,
Kyrgyz Republic,11543966559,13.92290932,16.65166027,..,1.725911441,..,..,84.11622257,0.475131314,6.33175292,1655.072698,,
Lao PDR,15468785204,22.95622251,15.77394592,1.209,..,..,..,14035.22669,4.110259905,2.707426526,2054.430781,,
Latvia,40932030050,17.31028302,12.76824842,6.815,..,71.98617145,76.51589291,..,2.838095102,3.358473954,21779.50426,,
Lebanon,..,171.2054913,..,..,..,..,..,1507.5,..,..,..,,
Lesotho,2236502124,8.271803899,4.233199072,..,4.558217507,48.34042833,100.8472568,16.35585348,-0.349656237,1.114890429,969.9357602,,
Liberia,4001046970,..,8.791612357,..,..,..,..,152.9337568,23.99853028,4.808104887,754.5328429,,
Libya,45752336036,4.510301492,24.10299327,..,..,..,..,4.813175,..,-1.236981944,6716.095985,,
Liechtenstein,..,..,..,..,..,..,..,..,..,..,..,,
Lithuania,70974490450,19.70504615,16.49395956,5.956,..,86.8472769,88.85589535,..,1.049884446,2.440175465,25064.80891,,
Luxembourg,81641807866,6.336008078,5.683546633,4.585,..,211.2782056,177.2354629,..,-394.4716435,1.380185891,125006.0218,,
"Macao SAR, China",24042287327,1.045028024,-0.428774629,..,5.796727777,87.28198199,90.65062453,8.065206083,12.19963899,-21.45196551,34584.85909,,
Madagascar,15297192799,8.16059032,8.330903989,..,37.38769627,30.37377025,39.23090172,4096.116184,3.058395553,3.796199089,516.592616,,
Malawi,13164667627,20.95396973,21.89063589,..,2.839455836,..,..,..,1.847703808,0.92343629,645.1586921,,
Malaysia,4.07E+11,3.378698625,6.445753155,3.93,-2.384056116,76.95014973,69.71363664,4.401076345,3.617930528,8.650344224,11993.18761,,
Maldives,6170638747,2.333143376,3.193862731,..,7.49544941,..,..,15.386625,11.69887948,13.9066764,11780.81691,,
Mali,18827176530,9.621476085,5.73378483,..,..,29.06253344,39.76569478,623.7597009,1.343338609,3.727269734,833.2972551,,
Malta,18125564514,6.153756219,5.273574273,2.929,..,165.2906719,152.4543418,..,26.64331337,6.915792165,34127.51056,,
Marshall Islands,258774475.1,..,1.066614447,..,..,46.27261419,73.67035548,..,0.994652892,-0.675525739,6225.179222,,
Mauritania,9780863579,9.525266286,2.231286102,..,..,49.14756642,54.80534213,..,14.3302322,6.376095487,2065.155516,,
Mauritius,12948726654,10.77375122,9.741113319,6.322,-2.038385237,56.66400401,62.77767776,44.182775,1.946942633,8.880584908,10256.23031,,
Mexico,1.47E+12,7.896276192,6.719923719,3.256,1.367357562,42.64380254,45.47106944,20.12735,2.667476397,3.898231461,11496.52287,,
"Micronesia, Fed. Sts.",424000000,5.408743755,5.303776683,..,..,31.83962264,75.94339623,1,..,-0.826446281,3713.955362,,
Moldova,14508333280,28.73729768,19.25320362,0.909,-6.252693199,41.24049357,69.49347199,18.89718962,4.039333731,-5.015482309,5714.430488,,
Monaco,8784002932,..,2.948120816,..,..,..,..,..,..,11.09682627,240862.1824,,
Mongolia,17146471626,15.14795609,17.71471242,6.211,..,65.06135116,71.26657879,3140.677884,14.60530659,5.032709637,5045.5047,,
Montenegro,6229801581,13.04030363,12.35532215,..,-5.97834503,51.53286165,74.36574298,0.950915534,14.0062013,6.406680329,10093.4387,,
Morocco,1.31E+11,6.657042028,3.05151189,11.79,..,44.80963916,56.30624332,10.16066024,1.663587993,1.258543984,3441.991455,,
Mozambique,18406835955,10.27940181,6.400914742,..,12.90629749,..,..,63.85083333,13.79388235,4.359829337,558.2986064,,
Myanmar,62263466264,..,6.163716941,..,..,..,..,..,1.989127934,4.037492993,1149.211218,,
Namibia,12914932656,6.081281141,6.764782276,..,1.730674572,36.73709522,55.03328551,16.35585833,8.176918384,7.56277902,5031.11503,,
Nauru,151647846.1,..,5.517789704,..,..,55.50239234,114.8325359,1.441664459,..,1.57480315,11970.93828,,
Nepal,40828247304,7.650791768,7.327365926,..,..,6.760617378,42.63823681,125.1994578,0.160320047,5.613193163,1336.546047,,
Netherlands,1.01E+12,10.00120788,5.535223939,3.524,..,93.75222341,82.95955658,..,-1.196357498,4.328918318,57025.01246,,
New Caledonia,9623318718,..,3.845714938,..,..,..,..,113.4743672,7.23562594,3.5,35745.18505,,
New Zealand,2.48E+11,7.17222476,5.301904254,3.297,..,24.24010874,29.56489795,1.577183333,3.361602994,2.851100835,48418.59166,,
Nicaragua,15671583940,10.46742445,8.916173606,..,0.286798573,49.77810743,65.40201242,35.87442114,8.255706666,3.750574391,2255.425995,,
Niger,15342278919,4.226217919,3.782367319,..,..,8.720948052,26.57520509,623.7597009,6.29617128,11.48969062,585.4049292,,
Nigeria,4.73E+11,18.84718778,11.31133494,3.827,0.919231895,..,..,425.9791581,-0.039522367,3.251681408,2162.633734,,
North Macedonia,13563132102,14.20471732,6.669547663,14.427,-1.909148851,74.89457226,95.92367879,58.57439167,6.297605215,2.146656466,6591.471314,,
Northern Mariana Islands,..,..,..,..,..,..,..,..,..,..,..,,
Norway,5.93E+11,5.764123179,28.06748358,3.233,-19.38364802,55.49492371,27.11914827,9.614166667,2.174740198,3.01588948,108729.1869,,
Oman,1.15E+11,2.811840975,24.64635128,..,..,..,..,0.3845,4.777997532,4.311253509,25056.79486,,
Pakistan,3.75E+11,19.87385996,13.95701396,..,..,10.54601793,22.50234318,204.8671875,0.377638096,4.705802952,1588.879829,,
Palau,..,12.35266384,..,..,..,..,..,1,..,..,..,,
Panama,76522511800,2.857482822,2.449403692,8.281,4.351510255,..,..,1,3.916572757,10.80936612,17357.62863,,
Papua New Guinea,31603619042,5.253239222,15.44540231,..,-6.457224649,..,..,3.519229705,1.033789391,5.165051358,3115.922923,,
Paraguay,41722295229,9.765566672,7.568506476,6.755,..,34.47833501,39.37622569,6982.752378,1.610734519,0.075439465,6153.055657,,
Peru,2.43E+11,8.333706301,4.38465878,4.291,7.867630789,29.31772656,29.09484426,3.835181375,4.471176846,2.683871435,7125.829931,,
Philippines,4.04E+11,5.821158112,5.481077742,2.598,..,28.38510632,44.03158026,54.47778584,2.31668598,7.570332488,3498.509806,,
Poland,6.88E+11,14.42945076,10.75116375,2.886,..,62.68512255,61.24942339,4.457758333,5.362397738,5.260364425,18688.00449,,
Portugal,2.55E+11,7.832691242,4.998410944,6.011,..,49.5989687,52.00618067,..,3.734783112,6.827510876,24515.26585,,
Puerto Rico,1.13E+11,..,3.175137071,6,..,52.70604788,45.40846372,..,..,3.360972555,35208.63719,,
Qatar,2.36E+11,4.995275537,26.14119995,0.13,-17.10705095,68.43901577,31.54177189,3.64,0.032210043,4.208871241,87661.45015,,
Romania,3.01E+11,13.79548874,13.35102974,5.614,-4.935054793,42.97271376,49.84368881,4.688475,3.817040787,4.595360946,15786.80174,,
Russian Federation,2.24E+12,..,15.8047099,3.867,-3.752475383,28.1889032,15.58521122,68.48494167,-1.776443117,-2.069711525,15270.70605,,
Rwanda,13311487445,17.68920956,16.02572189,15.085,0.309653846,22.48595254,38.6805961,1030.3083,2.994401313,8.160383875,966.2320714,,
Samoa,832945205.6,10.96188223,5.638377288,..,2.511096652,12.26638173,52.71679931,2.688997647,0.57632308,-5.3062909,3745.560367,,
San Marino,..,..,..,4.91,..,..,..,0.950915534,..,..,..,,
Sao Tome and Principe,542686976.5,18.00563511,16.30361655,..,..,..,..,23.29040395,23.35493599,0.065282438,2386.696176,,
Saudi Arabia,1.11E+12,2.474073719,16.68691133,5.589,..,40.22127444,23.29239622,3.75,2.530741787,8.680736102,30447.88371,,
Senegal,27684264748,9.696818991,8.449164206,..,..,26.95816766,52.9138914,623.7597009,9.341696295,4.153856494,1598.726433,,
Serbia,63563401044,11.98151173,10.35007667,8.684,..,63.84035249,74.81037612,111.6621833,7.256139124,2.54995557,9537.682867,,
Seychelles,1588438144,..,-4.466440058,..,14.20229723,111.4565951,121.6133437,14.27279453,11.95034845,9.000307367,13250.45583,,
Sierra Leone,4094563859,27.20828838,25.33197451,..,-4.802159386,31.878162,56.21620682,14.04764979,7.179533227,3.457539856,475.7957278,,
Singapore,4.67E+11,6.12106004,9.051761389,3.591,..,186.5525655,150.3099236,1.378666667,30.17299576,3.646972071,82807.62906,,
Sint Maarten (Dutch part),1537088724,..,3.460837887,..,..,..,..,1.79,1.115479698,9.8,35873.05649,,
Slovak Republic,1.15E+11,12.77414636,7.484060675,6.143,..,99.36478195,104.7566868,..,3.507030085,1.75044814,21256.80843,,
Slovenia,60063475466,8.833698867,6.482697503,4.013,..,94.14607036,91.88076175,..,3.630147784,2.460783314,28439.3341,,
Solomon Islands,1597204341,5.518129286,6.994334125,..,..,..,..,8.155528698,2.549381545,-4.062439403,2205.251805,,
Somalia,10419541202,..,6.538623103,..,..,17.3140445,78.52553046,..,6.103915592,2.433092486,592.103122,,
South Africa,4.05E+11,7.039726613,4.759484163,28.838,3.848990415,33.53844579,31.52228963,16.35585348,2.268805766,1.910406169,6766.481254,,
South Sudan,..,-6.687320942,..,..,-49.95519328,..,..,534.5111887,..,..,..,,
Spain,1.42E+12,8.390576341,4.142323199,12.917,..,40.87406425,39.66244224,..,3.627101168,5.770647676,29674.54429,,
Sri Lanka,74403578363,49.72110211,48.84727688,..,..,21.48418033,25.03506541,..,1.207327972,-7.823977326,3354.383408,,
St. Kitts and Nevis,965638864.9,2.667388427,3.328061671,..,3.602176588,..,..,2.7,4.486724211,8.845208845,20262.26714,,
St. Lucia,2343703704,6.378146951,3.132096822,15.934,3.278104278,..,..,2.7,1.406697724,15.87951221,13030.92848,,
St. Martin (French part),..,..,..,..,..,..,..,..,..,..,..,,
St. Vincent and the Grenadines,948559259.3,5.660097792,3.662274477,..,3.597947317,..,..,2.7,3.44657424,4.909927487,9125.324771,,
Sudan,51662241775,138.8084602,116.8644486,..,..,1.571161626,1.127672428,546.75885,1.110103772,-0.95340703,1102.146484,,
Suriname,3620987993,52.44602728,43.88907534,..,-20.25211603,..,..,24.70917476,-0.256982773,2.433723709,5858.824661,,
Sweden,5.92E+11,8.369290989,5.99456451,7.392,..,53.03713449,49.88694667,10.11425128,7.753992639,2.911772028,56424.2847,,
Switzerland,8.18E+11,2.835027986,2.497159504,4.3,0.145920368,76.93561539,63.23393339,0.9548325,-1.342689794,2.568328178,93259.90572,,
Syrian Arab Republic,..,..,..,..,..,..,..,..,..,..,..,,
Tajikistan,10492123388,..,6.024964419,..,..,..,..,11.031075,1.661295067,8,1054.189484,,
Tanzania,75732311666,4.350272043,2.71937234,..,..,15.42137599,19.59948347,..,1.66991863,4.558027339,1192.766479,,
Thailand,4.95E+11,6.077412284,4.724843041,0.94,-1.514931569,65.77942867,68.09655896,35.06135021,2.267135001,2.597644126,6909.956285,,
Timor-Leste,3204753000,..,11.35539551,..,-0.31512028,55.67870597,41.96072209,1,-12.33740782,-20.54158677,2389.295875,,
Togo,8341225241,7.967573616,5.024366678,..,..,23.97056784,33.86573424,623.7597009,-2.720693219,5.810546568,942.6499016,,
Tonga,..,10.97136529,..,..,-0.600445663,..,..,2.327929827,..,..,..,,
Trinidad and Tobago,30053575132,5.828386385,20.81451257,4.383,-11.02924554,..,..,6.754128961,-3.039577443,1.482243918,19629.46534,,
Tunisia,46303552449,8.306461244,7.573110351,..,..,49.36289672,61.37705287,3.1036,1.389122664,2.437866065,3747.419391,,
Turkiye,9.07E+11,72.30883599,96.03611496,10.432,..,38.58420213,42.58592745,16.54886042,1.443471931,5.533469266,10674.50417,,
Turkmenistan,56542857143,..,11.17887464,..,..,..,..,..,1.655451736,1.699999967,8792.548504,,
Turks and Caicos Islands,1138808881,..,2.63653484,..,..,..,..,..,3.073386639,6.2,24917.59581,,
Tuvalu,59065979.02,..,5.547542528,7.867,..,..,..,..,..,0.677317446,5221.532799,,
Uganda,45567304608,7.19578886,4.922286731,..,..,12.02199543,22.48330649,3689.817386,6.480395786,4.588021922,964.3958695,,
Ukraine,1.61E+11,20.18363666,34.32071191,..,-11.69685227,35.45661861,52.25024793,32.3423016,0.153891456,-29.1,4533.975586,,
United Arab Emirates,5.07E+11,4.827888596,13.24153717,2.873,..,..,..,3.6725,4.483961966,7.850418125,53707.98008,,
United Kingdom,3.09E+12,7.922048831,5.152902299,..,..,33.42793984,36.09447883,0.811301716,1.453443264,4.346561401,46125.25575,,
United States,2.54E+13,8.002799821,7.040723092,3.65,..,11.77311839,15.59045508,1,1.525481826,1.935634592,76329.58227,,
Uruguay,71177146197,9.104379831,4.413071553,7.877,6.179581329,31.32223241,25.86930525,41.17108333,11.97499047,4.921874463,20795.04235,,
Uzbekistan,80391853887,11.4466437,13.84832757,..,6.937113661,27.26936116,44.30958386,11050.14542,3.10667186,5.668817053,2255.151155,,
Vanuatu,1055811724,7.102231296,12.44309459,..,-3.234757344,14.81788623,53.69482396,115.3539167,1.012963105,1.848971065,3231.3513,,
"Venezuela, RB",..,..,..,..,..,..,..,..,..,..,..,,
Viet Nam,4.09E+11,3.1565075,3.860477768,1.535,3.998494572,93.98636872,91.74361832,23271.2125,4.378643796,8.019792374,4163.514299,,
Virgin Islands (U.S.),..,..,..,..,..,..,..,..,..,..,..,,
West Bank and Gaza,19111900000,3.741223919,1.544411888,24.42,..,18.54185089,67.35907994,..,1.218827862,3.93297696,3789.327966,,
"Yemen, Rep.",..,..,..,..,..,..,..,1114.292841,..,..,650.2722184,,
Zambia,29163782138,10.99320392,6.101594722,5.993,..,40.19399771,29.10331771,16.93759433,-0.223286755,5.249622298,1456.90157,,
Zimbabwe,27366627153,104.7051706,264.580608,..,-36.41643898,27.95524577,37.00139511,374.9543626,1.247870255,6.522375287,1676.821489,,
Africa Eastern and Southern,1.19E+12,10.77375122,8.388182985,..,..,27.2564768,29.60749696,..,1.675504542,3.43513777,1644.062829,,
Africa Western and Central,8.75E+11,7.967573616,8.046961584,..,..,..,..,..,1.626432289,3.766353893,1785.312219,,
Arab World,3.54E+12,4.995020751,13.24153717,..,..,..,..,..,2.190303403,6.033833417,7625.252464,,
Caribbean small states,94867024972,6.115055501,3.993355285,..,..,..,..,..,1.362394657,13.21720542,12639.70462,,
Central Europe and the Baltics,1.94E+12,14.60814395,12.76824842,4.006650588,..,69.14379127,70.59273432,..,3.356723027,4.127485008,19420.96441,,
Early-demographic dividend,1.41E+13,7.198616156,7.736482323,5.447384344,..,28.55143622,29.78074106,..,1.994471328,5.640830921,4104.085948,,
East Asia & Pacific,3.07E+13,5.408743755,5.517789704,..,..,31.36294593,28.81205334,..,2.24446585,2.880870016,12930.69168,,
East Asia & Pacific (excluding high income),2.12E+13,5.518129286,5.901047115,..,..,24.82615351,22.08262418,..,1.257429195,3.414240923,9954.276857,,
East Asia & Pacific (IDA & IBRD countries),2.12E+13,5.518129286,5.638377288,..,..,24.82429298,22.06826894,..,1.257429195,3.41423025,10065.03475,,
Euro area,1.42E+13,8.471176456,5.787632077,6.745820669,..,55.39459847,53.24904806,0.949623753,0.02145902,3.372038855,40787.5643,,
Europe & Central Asia,2.53E+13,10.39089428,8.307156628,6.015452103,..,50.48165416,47.55394483,..,0.674261251,3.122196016,27536.81293,,
Europe & Central Asia (excluding high income),4.13E+12,13.85225901,12.94155005,5.886020559,..,34.72734563,28.83165505,..,-0.107923686,0.765858153,10379.77294,,
Europe & Central Asia (IDA & IBRD countries),5.19E+12,13.82387388,12.35532215,5.554826676,..,39.24580265,34.85813351,..,0.915463152,1.66035229,11342.49186,,
European Union,1.67E+13,8.833698867,6.482697503,6.147075884,..,56.31935439,54.50309742,..,0.806327582,3.445962073,37433.27845,,
Fragile and conflict affected situations,1.91E+12,9.50765743,8.445461981,..,..,..,27.80754601,..,0.908245045,1.20566114,1870.337198,,
Heavily indebted poor countries (HIPC),9.81E+11,9.621476085,8.445461981,..,..,24.65307205,33.58521842,..,3.108993965,4.566047996,1109.014261,,
High income,6.17E+13,7.17222476,5.609385286,4.636810475,..,34.2882741,34.02987207,..,1.918137908,2.785952405,49607.24655,,
IBRD only,3.78E+13,8.64091109,9.280253005,..,..,27.43325495,25.67140291,..,1.54212427,3.581985033,7682.790889,,
IDA & IBRD total,4.06E+13,8.64091109,8.307055007,..,..,26.95610878,25.9136073,..,1.547540892,3.628124186,6007.370761,,
IDA blend,1.18E+12,6.378146951,7.742425984,..,..,..,22.41680238,..,0.53740874,4.196196544,1933.556473,,
IDA only,1.65E+12,9.525266286,6.994334125,..,..,22.41592469,33.79980535,..,2.421322571,4.214885973,1337.013175,,
IDA total,2.82E+12,8.680721507,7.160850026,..,..,21.28485991,29.11770736,..,1.620621082,4.206148617,1534.023093,,
Late-demographic dividend,2.81E+13,8.518197035,9.097221056,..,..,31.22290907,26.49332698,..,1.480017857,3.173811871,12072.76719,,
Latin America & Caribbean,6.30E+12,7.713677269,6.389620666,6.963871479,..,28.22057246,29.89406964,..,3.97983496,3.888448907,9559.213456,,
Latin America & Caribbean (excluding high income),5.35E+12,8.304240602,7.518481672,6.911594349,..,27.03911261,28.96634352,..,3.271546864,3.742079117,8971.780372,,
Latin America & the Caribbean (IDA & IBRD countries),6.00E+12,7.896276192,6.719923719,6.967760018,..,28.20079161,29.91309792,..,3.552243291,3.896009718,9324.959304,,
Least developed countries: UN classification,1.42E+12,9.525266286,7.327365926,..,..,22.57608928,31.8828585,..,1.686197125,4.467929737,1266.643763,,
Low & middle income,3.88E+13,8.487308695,8.341200586,..,..,26.00789108,24.90050008,..,1.390872712,3.563509986,5811.430475,,
Low income,5.28E+11,9.950438947,8.618537169,..,..,21.77986791,36.32750454,..,3.680390378,3.412505272,750.4669425,,
Lower middle income,8.17E+12,8.306461244,7.984147741,4.681012008,..,27.81340678,32.19137253,..,1.42680725,5.201163498,2561.457576,,
Middle East & North Africa,4.43E+12,4.994765964,14.96422425,..,..,..,..,..,2.361165439,5.990386392,8973.862585,,
Middle East & North Africa (excluding high income),1.70E+12,6.657042028,14.64694274,..,..,31.13397123,31.39357257,..,0.955330912,4.235854918,3998.585763,,
Middle East & North Africa (IDA & IBRD countries),1.68E+12,7.481751636,18.86809624,..,..,31.29643385,30.96471993,..,0.952141206,4.238714139,4001.122645,,
Middle income,3.83E+13,8.290618073,8.105785734,..,..,26.08674445,24.74792213,..,1.363754226,3.565666384,6407.498324,,
North America,2.76E+13,7.402800487,7.040723092,3.833702128,..,13.51221682,17.01217348,..,1.586562572,2.079692464,74160.99677,,
Not classified,..,..,..,..,..,..,..,..,..,..,..,,
OECD members,5.98E+13,8.238032407,6.532480893,5.050955637,..,30.80096345,31.83186831,..,1.437234017,2.77355163,43476.37804,,
Other small states,5.31E+11,7.930929254,8.351497183,..,..,73.13786118,52.79913178,..,2.869642404,4.20497742,16003.09753,,
Pacific island small states,10324332232,7.102231296,5.547542528,..,..,36.89513992,65.58456025,..,1.846922701,8.216668504,3912.185639,,
Post-demographic dividend,5.62E+13,7.832691242,5.943141015,4.597225237,..,31.28971283,32.32113559,..,1.74920767,2.408632578,50482.11313,,
Pre-demographic dividend,1.62E+12,8.16059032,8.330903989,..,..,25.96562043,24.94918328,..,0.833190489,3.97994629,1558.021277,,
Small states,6.36E+11,6.276893194,6.764782276,..,..,70.11120384,53.51625615,..,2.627985935,5.633857768,14684.05791,,
South Asia,4.39E+12,7.650791768,7.776617712,4.872714458,..,20.46492314,25.93016655,..,1.250319157,6.486711863,2287.416124,,
South Asia (IDA & IBRD),4.39E+12,7.650791768,7.776617712,4.872714458,..,20.46492314,25.93016655,..,1.250319157,6.486711863,2287.416124,,
Sub-Saharan Africa,2.06E+12,9.45955253,8.341200586,..,..,26.637171,27.13807759,..,1.654574356,3.585452203,1701.245382,,
Sub-Saharan Africa (excluding high income),2.06E+12,9.45955253,8.351497183,..,..,26.56030983,27.06110834,..,1.646599934,3.580910945,1700.102181,,
Sub-Saharan Africa (IDA & IBRD countries),2.06E+12,9.45955253,8.341200586,..,..,26.637171,27.13807759,..,1.654574356,3.585452203,1701.245382,,
Upper middle income,3.01E+13,8.274774902,8.134453997,..,..,25.72018156,22.76495636,..,1.346590337,3.12328837,10814.27758,,
World,1.01E+14,7.967573616,7.346100093,..,..,31.06781023,30.46698766,..,1.715157514,3.089379125,12687.74189,,
